{
    "metrics": {
        "http_req_waiting": {
            "max": 457.138,
            "p(90)": 5.687900000000001,
            "p(95)": 6.799899999999997,
            "avg": 5.046137312186961,
            "min": 1.647,
            "med": 3.752
        },
        "http_req_duration{expected_response:true}": {
            "avg": 33.44647252747252,
            "min": 4.685,
            "med": 8.728,
            "max": 458.002,
            "p(90)": 118.0198,
            "p(95)": 140.5416
        },
        "vus": {
            "value": 1,
            "min": 1,
            "max": 3
        },
        "iterations": {
            "count": 28752,
            "rate": 359.4000449250056
        },
        "vus_max": {
            "value": 3,
            "min": 3,
            "max": 3
        },
        "http_req_failed": {
            "passes": 28115,
            "fails": 637,
            "value": 0.9778450194769059
        },
        "http_req_connecting": {
            "avg": 0.08991482331664105,
            "min": 0,
            "med": 0.085,
            "max": 5.444,
            "p(90)": 0.117,
            "p(95)": 0.13
        },
        "http_req_sending": {
            "p(90)": 0.018,
            "p(95)": 0.024,
            "avg": 0.011508242904840153,
            "min": 0.003,
            "med": 0.009,
            "max": 3.608
        },
        "data_sent": {
            "rate": 69723.60871545109,
            "count": 5577888
        },
        "http_req_duration": {
            "p(90)": 5.732800000000001,
            "p(95)": 6.854899999999997,
            "avg": 5.080318482192527,
            "min": 1.673,
            "med": 3.781,
            "max": 458.002
        },
        "data_received": {
            "rate": 106006.48825081103,
            "count": 8480518
        },
        "http_req_tls_handshaking": {
            "max": 0,
            "p(90)": 0,
            "p(95)": 0,
            "avg": 0,
            "min": 0,
            "med": 0
        },
        "http_req_receiving": {
            "avg": 0.022672927100721912,
            "min": 0.005,
            "med": 0.016,
            "max": 7.341,
            "p(90)": 0.04,
            "p(95)": 0.056
        },
        "http_reqs": {
            "rate": 359.4000449250056,
            "count": 28752
        },
        "iteration_duration": {
            "p(95)": 7.023662649999999,
            "avg": 5.2127488467237235,
            "min": 1.790875,
            "med": 3.9075,
            "max": 461.625167,
            "p(90)": 5.897633
        },
        "http_req_blocked": {
            "max": 5.476,
            "p(90)": 0.14,
            "p(95)": 0.156,
            "avg": 0.10547196716750276,
            "min": 0,
            "med": 0.098
        }
    },
    "root_group": {
        "groups": {},
        "checks": {},
        "name": "",
        "path": "",
        "id": "d41d8cd98f00b204e9800998ecf8427e"
    }
}