{
    "root_group": {
        "name": "",
        "path": "",
        "id": "d41d8cd98f00b204e9800998ecf8427e",
        "groups": {},
        "checks": {}
    },
    "metrics": {
        "vus_max": {
            "value": 3,
            "min": 3,
            "max": 3
        },
        "http_req_waiting": {
            "avg": 6.464836066296422,
            "min": 1.858,
            "med": 4.196,
            "max": 2402.14,
            "p(90)": 6.324,
            "p(95)": 7.459749999999999
        },
        "http_req_receiving": {
            "avg": 0.028085735696022556,
            "min": 0.005,
            "med": 0.019,
            "max": 1.753,
            "p(90)": 0.053,
            "p(95)": 0.072
        },
        "http_req_tls_handshaking": {
            "avg": 0,
            "min": 0,
            "med": 0,
            "max": 0,
            "p(90)": 0,
            "p(95)": 0
        },
        "http_req_failed": {
            "passes": 22686,
            "fails": 0,
            "value": 1
        },
        "http_reqs": {
            "count": 22686,
            "rate": 280.93947517766736
        },
        "http_req_duration": {
            "med": 4.23,
            "max": 2402.544,
            "p(90)": 6.3905,
            "p(95)": 7.536249999999997,
            "avg": 6.505981971259796,
            "min": 1.883
        },
        "iterations": {
            "count": 22686,
            "rate": 280.93947517766736
        },
        "data_received": {
            "count": 6702505,
            "rate": 83002.65525327035
        },
        "vus": {
            "value": 1,
            "min": 1,
            "max": 3
        },
        "data_sent": {
            "count": 4401084,
            "rate": 54502.258184467464
        },
        "http_req_connecting": {
            "p(90)": 0.124,
            "p(95)": 0.139,
            "avg": 0.09716172970113814,
            "min": 0.029,
            "med": 0.092,
            "max": 4.885
        },
        "http_req_blocked": {
            "avg": 0.11542479943577626,
            "min": 0.037,
            "med": 0.106,
            "max": 4.898,
            "p(90)": 0.153,
            "p(95)": 0.174
        },
        "iteration_duration": {
            "max": 2404.68425,
            "p(90)": 6.5770415,
            "p(95)": 7.760656249999998,
            "avg": 6.654588174248425,
            "min": 2.0215,
            "med": 4.373146
        },
        "http_req_sending": {
            "min": 0.004,
            "med": 0.01,
            "max": 0.37,
            "p(90)": 0.022,
            "p(95)": 0.033,
            "avg": 0.013060169267388698
        }
    }
}